{
  "T15_34_G10": [
	1.0,
	0.8777,
	0.9343,
	0.9823,
	1.1421
  ],
  "T15_35_G10": [
	1,
	0.9323,
	1.0077,
	0.9770,
	0.9844
  ],
  "eqTS_47_G10": [
	1.0,
	0.9572844075824951,
	0.9374796843563481,
	0.7802238529089317,
	0.5501639838407754
  ],
  "eqTS_48_G10": [
	1.0,
	0.9517847556271595,
	0.961687477757966,
	0.7857430499842494,
	0.5246096424683452
  ],
  "eqTS_49_G10": [
	1.0,
	1.0323757088776264,
	0.9804675383286328,
	0.8190760614958867,
	0.5285220608219793
  ],
  "eqTS_50_G10": [
	1.0,
	0.9921616348328453,
	0.9390071145731205,
	0.7715770009742061,
	0.5285220608219793
  ],
  "eqTS_42_G10": [
	1.0,
	0.9979080260543602,
	0.9360150763718273,
	0.830569684467425,
	0.5622199261403574
  ]
}