{
    "eqTS_42_G10": 5.161236352972975e-06,
    "eqTS_46_G10": 4.677821498143785e-06,
    "eqTS_47_G10": 4.798996747909011e-06,
    "eqTS_48_G10": 4.639905593909673e-06,
    "eqTS_49_G10": 4.570998417180222e-06,
    "eqTS_50_G10": 4.661393283291081e-06
}