{
    "eqTS_42_G10": 4.992157136715455e-06,
    "eqTS_46_G10": 4.5655917669864266e-06,
    "eqTS_47_G10": 4.958881583967695e-06,
    "eqTS_48_G10": 5.558394531831035e-06,
    "eqTS_49_G10": 4.7254839773449556e-06,
    "eqTS_50_G10": 4.458571134646092e-06
}